Company,Website,Board,Board ID,Board host,Board site,Status,Paused
1Password,https://1password.com,ashby,1password,,,ok,
Abbott,https://abbott.com,workday,abbott,abbott.wd5.myworkdayjobs.com,abbottcareers,ok,
AbCellera,https://abcellera.com,greenhouse,abcellera,,,ok,
Absolute Software,https://absolute.com,jobvite,absolute,,,ok,
Accenture,https://accenture.com,workday,accenture,accenture.wd103.myworkdayjobs.com,AccentureCareers,ok,
Ada,https://ada.cx,greenhouse,ada18,,,ok,
Affirm,https://affirm.com,greenhouse,affirm,,,ok,
Article,https://article.com,pinpoint,article,,,ok,
ATB Financial,https://atb.com,eightfold,atb,,atb.com,ok,
Athennian,https://athennian.com,rippling,athennian,,,ok,
Attabotics,https://attabotics.com,lever,attabotics,,,ok,
Autodesk,https://autodesk.com,eightfold,autodesk,,autodesk.com,ok,
Baxter,https://baxter.com,workday,baxter,baxter.wd1.myworkdayjobs.com,baxter,ok,
Benevity,https://benevity.com,ashby,benevity,,,ok,
BMO,https://bmo.com,phenom,jobs.bmo.com,jobs.bmo.com,ca/en,ok,
Boston Scientific,https://bostonscientific.com,eightfold,bostonscientific,,bostonscientific.com,ok,
CIBC,https://cibc.com,workday,cibc,cibc.wd3.myworkdayjobs.com,search,ok,
Ciklum,https://ciklum.com,oracle,ciklum-career,ialmme.fa.ocs.oraclecloud.com,,ok,
Cisco,https://cisco.com,phenom,careers.cisco.com,careers.cisco.com,global/en,ok,
Clearco,https://clear.co,greenhouse,clear,,,ok,
Clio,https://clio.com,workday,clio,clio.wd3.myworkdayjobs.com,ClioCareerSite,ok,
Cohere,https://cohere.com,ashby,cohere,,,ok,
Coinbase,https://coinbase.com,greenhouse,coinbase,,,ok,
Copperleaf,https://copperleaf.com,smartrecruiters,IFS1,,copperleaf,ok,
D2L,https://d2l.com,greenhouse,d2l,,,ok,
Dapper Labs,https://dapperlabs.com,ashby,dapper,,,ok,
Deel,https://deel.com,ashby,deel,,,ok,
Dell,https://dell.com,oracle,careers,enterpriseplatform.dell.com,,error,
Deloitte Canada,https://www.deloitte.com/ca,successfactors,careers.deloitte.ca,careers.deloitte.ca,feed,ok,
Dialogue,https://dialogue.co,rippling,dialogue-en,,,ok,
Discord,https://discord.com,greenhouse,discord,,,ok,
Doist,https://doist.com,ashby,todoist-inc,,,ok,
Dropbox,https://dropbox.com,greenhouse,dropbox,,,ok,
Enverus,https://enverus.com,jobvite,drillinginfo,,,ok,
Epic Games,https://epicgames.com,greenhouse,epicgames,,,ok,
Faire,https://faire.com,greenhouse,faire,,,ok,
Fortinet,https://fortinet.com,oracle,CX_2001,edel.fa.us2.oraclecloud.com,,ok,
GE HealthCare,https://gehealthcare.com,phenom,careers.gehealthcare.com,careers.gehealthcare.com,global/en,ok,
GitLab,https://gitlab.com,greenhouse,gitlab,,,ok,
Global Relay,https://globalrelay.com,greenhouse,globalrelay,,,ok,
Grafana Labs,https://grafana.com,greenhouse,grafanalabs,,,ok,
Helcim,https://helcim.com,hibob,helcim,,,ok,
Hootsuite,https://hootsuite.com,greenhouse,hootsuite,,,ok,
Hopper,https://hopper.com,ashby,hopper,,,ok,
Instacart,https://instacart.com,greenhouse,instacart,,,ok,
Jobber,https://getjobber.com,ashby,jobber,,,ok,
Kabam,https://kabam.com,lever,kabam,,,ok,
Klue,https://klue.com,ashby,klue,,,ok,
Later,https://later.com,greenhouse,later,,,ok,
Lightspeed,https://lightspeedhq.com,ashby,lightspeedhq,,,ok,
Manulife,https://manulife.com,phenom,careers.manulife.com,careers.manulife.com,global/en,ok,
Mastercard,https://mastercard.com,phenom,careers.mastercard.com,careers.mastercard.com,us/en,ok,
Medtronic,https://medtronic.com,workday,medtronic,medtronic.wd1.myworkdayjobs.com,MedtronicCareers,ok,
Mogo,https://mogo.ca,jazzhr,mogo,,,ok,
Neo Financial,https://neofinancial.com,ashby,neofinancial,,,ok,
Nokia,https://nokia.com,oracle,CX_1,fa-evmr-saasfaprod1.fa.ocs.oraclecloud.com,,ok,
Okta,https://okta.com,greenhouse,okta,,,ok,
PayPal,https://paypal.com,eightfold,paypal,,paypal.com,ok,
Philips,https://philips.com,phenom,www.careers.philips.com,www.careers.philips.com,global/en,ok,
Phoenix Labs,https://phoenixlabs.ca,ashby,phoenix,,,ok,
Plaid,https://plaid.com,ashby,plaid,,,ok,
PostHog,https://posthog.com,ashby,posthog,,,ok,
Procurify,https://procurify.com,ashby,procurify,,,ok,
RBC,https://rbc.com,phenom,jobs.rbc.com,jobs.rbc.com,ca/en,ok,
Relic Entertainment,https://relic.com,bamboohr,relicentertainment,,,ok,
Remote,https://remote.com,greenhouse,remote,,,ok,
Riot Games,https://riotgames.com,greenhouse,riotgames,,,ok,
Roblox,https://roblox.com,greenhouse,roblox,,,ok,
Rogers,https://rogers.com,successfactors,jobs.rogers.com,jobs.rogers.com,,ok,
Samsara,https://samsara.com,greenhouse,samsara,,,ok,
Scotiabank,https://scotiabank.com,successfactors,jobs.scotiabank.com,jobs.scotiabank.com,,ok,
Showpass,https://showpass.com,bamboohr,showpass,,,ok,
Siemens Healthineers,https://siemens-healthineers.com,workday,onehealthineers,onehealthineers.wd3.myworkdayjobs.com,SHSJB,ok,
Sourcegraph,https://sourcegraph.com,greenhouse,sourcegraph91,,,ok,
Stryker,https://stryker.com,workday,stryker,stryker.wd1.myworkdayjobs.com,StrykerCareers,ok,
Sun Life,https://sunlife.com,workday,sunlife,sunlife.wd3.myworkdayjobs.com,Experienced-Jobs,ok,
Supabase,https://supabase.com,ashby,supabase,,,ok,
Symend,https://symend.com,jazzhr,symend,,,ok,
TC Energy,https://tcenergy.com,workday,tcenergy,tcenergy.wd3.myworkdayjobs.com,CAREER_SITE_TC,ok,
TD Bank,https://td.com,workday,td,td.wd3.myworkdayjobs.com,TD_Bank_Careers,ok,
Telus,https://telus.com,successfactors,careers.telus.com,careers.telus.com,,ok,
Telus Health,https://telushealth.com,workday,lifeworks,lifeworks.wd3.myworkdayjobs.com,External,ok,
Thinkific,https://thinkific.com,greenhouse,thinkific,,,ok,
Trulioo,https://trulioo.com,ashby,trulioo,,,ok,
Twilio,https://twilio.com,greenhouse,twilio,,,ok,
Unbounce,https://unbounce.com,greenhouse,unbounce,,,ok,
Unity,https://unity.com,workday,unitytech,unitytech.wd1.myworkdayjobs.com,Unity,ok,
Vercel,https://vercel.com,greenhouse,vercel,,,ok,
Visier,https://visier.com,greenhouse,visiersolutionsinc,,,ok,
Wave,https://waveapps.com,lever,waveapps,,,ok,
Wealthsimple,https://wealthsimple.com,lever,wealthsimple,,,ok,
Workday,https://workday.com,workday,workday,workday.wd5.myworkdayjobs.com,Workday,ok,
Zapier,https://zapier.com,ashby,zapier,,,ok,
Zymeworks,https://zymeworks.com,rippling,zymeworks-careers,,,ok,
